[
  {
    "name": "IST",
    "description" : "IST"
  },
  {
    "name": "Schuco",
    "description" : "Schuco"
  },
  {
    "name": "IXO",
    "description" : "IXO"
  },
  {
    "name": "DiP Models",
    "description" : "DiP Models"
  },
  {
    "name": "Oxford",
    "description" : "Oxford"
  },
  {
    "name": "AWM",
    "description" : "AWM"
  },
  {
    "name": "Rietze",
    "description" : "Rietze"
  },
  {
    "name": "Minichamps",
    "description" : "Minichamps"
  },
  {
    "name": "GreenLight",
    "description" : "GreenLight"
  },
  {
    "name": "Norev",
    "description" : "Norev"
  },
  {
    "name": "BBurago",
    "description" : "BBurago"
  },
  {
    "name": "Paragon",
    "description" : "Paragon"
  },
  {
    "name": "GT Spirit",
    "description" : "GT Spirit"
  },
  {
    "name": "Eligor",
    "description" : "Eligor"
  },
  {
    "name": "NZG",
    "description" : "NZG"
  },
  {
    "name": "СССР",
    "description" : "Легендарные грузовики СССР"
  }
]