[
  {
    "name": "ГАЗ",
    "description" : "Горьковский автомобильный завод"
  },
  {
    "name": "Mercedes-Benz",
    "description" : "Mercedes-Benz"
  },
  {
    "name": "GMC",
    "description" : "GMC"
  },
  {
    "name": "ПАЗ",
    "description" : "Павловский автобусный завод"
  },
  {
    "name": "Leyland",
    "description" : "Leyland"
  },
  {
    "name": "Porsche",
    "description" : "Porsche"
  },
  {
    "name": "Volkswagen",
    "description" : "Volkswagen"
  },
  {
    "name": "BMW",
    "description" : "BMW"
  },
  {
    "name": "Jaguar",
    "description" : "Jaguar"
  },
  {
    "name": "Bentley",
    "description" : "Bentley"
  },
  {
    "name": "Audi",
    "description" : "Audi"
  },
  {
    "name": "Bugatti",
    "description" : "Bugatti"
  },
  {
    "name": "Mercedes-AMG",
    "description" : "Mercedes-AMG"
  },
  {
    "name": "Scania",
    "description" : "Scania"
  },
  {
    "name": "Ford",
    "description" : "Ford"
  },
  {
    "name": "Mack",
    "description" : "Mack"
  },
  {
    "name": "ЗИЛ",
    "description" : "Завод имени Лихачева"
  },
  {
    "name": "MCLAREN",
    "description" : "MCLAREN"
  },
  {
    "name": "WILLIAMS",
    "description" : "WILLIAMS"
  },
  {
    "name": "FERRARI",
    "description" : "FERRARI"
  },
  {
    "name": "ASPHALT PAYER",
    "description" : "ASPHALT PAYER"
  },
  {
    "name": "УРАЛ",
    "description" : "УРАЛ"
  },
  {
    "name": "MACK",
    "description" : "MACK"
  }
]