[
  {
    "name": "Китай",
    "description" : "Китай"
  },
  {
    "name": "Германия",
    "description" : "Германия"
  },
  {
    "name": "Россия",
    "description" : "Россия"
  },
  {
    "name": "Франция",
    "description" : "Франция"
  },
  {
    "name": "Великобритания",
    "description" : "Великобритания"
  },
  {
    "name": "Италия",
    "description" : "Италия"
  },
  {
    "name": "США",
    "description" : "США"
  }
]