[
  {
    "name": "ГАЗ-21",
      "shortdesc": "ГАИ Милиция 1969 желтый с синим",
      "description": "Модель выпущена ограниченным тиражом.Примерный размер модели автомобиля в масштабе 1/18 составляет около 22-28 см в длину для легкового автомобиля.",
      "vendorcode": "VVM1802",
      "category": "легковые",
      "image": "products_images/A35aBK5aT038g1Nt-68.jpg",
      "quantity": 10,
      "price": "6950.00",
      "scale": "1:18",
      "mark": "ГАЗ",
      "manufacturer": "IST",
      "production": "Китай",
      "material": "металл"
  },
  {
    "name": "Mercedes-Benz SL 65",
      "shortdesc": "AMG ROADSTER R230 2010 black",
      "description": "Коллекционная масштабная модель Mercedes-Benz.ППримерный размер модели автомобиля в масштабе 1/43 составляет около 9-12 см в длину для легкового автомобиля.",
      "vendorcode": "8510",
      "category": "легковые",
      "image": "products_images/U95oEiReH46aiv7y-83.jpg",
      "quantity": 134,
      "price": "2500.00",
      "scale": "1:43",
      "mark": "Mercedes-Benz",
      "manufacturer": "Schuco",
      "production": "Китай",
      "material": "смола"
  },
  {
    "name": "GMC",
      "shortdesc": "Scenicruiser B 1956 Greyhound",
      "description": "Коллекционная масштабная модель GMC. Масштаб модели 1/43. Модель выпущена ограниченным тиражом.",
      "vendorcode": "BUS021",
      "category": "автобусы",
      "image": "products_images/y32EU7k9s4ASNAhD-78.jpg",
      "quantity": 14,
      "price": "3300.00",
      "scale": "1:43",
      "mark": "GMC",
      "manufacturer": "IXO",
      "production": "Китай",
      "material": "металл"
  },
  {
    "name": "GMC",
      "shortdesc": "S6000 SCHOOL BUS 1990",
      "description": "Коллекционная масштабная модель GMC. Масштаб модели 1/43. Модель выпущена ограниченным тиражом.",
      "vendorcode": "BUS004",
      "category": "автобусы",
      "image": "products_images/y82US29RMkzZPSSE-85.jpg",
      "quantity": 13,
      "price": "3500.00",
      "scale": "1:43",
      "mark": "GMC",
      "manufacturer": "IXO",
      "production": "Китай",
      "material": "металл"
  },
  {
    "name": "ПАЗ",
      "shortdesc": "Павловский Автобус 652Б",
      "description": "Модель выпущена ограниченным тиражом.",
      "vendorcode": "165223",
      "category": "автобусы",
      "image": "products_images/I52ehqoJMPa9ZFAp-74.jpg",
      "quantity": 45,
      "price": "6950.00",
      "scale": "1:43",
      "mark": "ПАЗ",
      "manufacturer": "DiP Models",
      "production": "Китай",
      "material": "металл"
  },
  {
    "name": "Leyland Weymann Fanfare",
      "shortdesc": "Southdown Motor Services 1958",
      "description": "Модель выпущена ограниченным тиражом.",
      "vendorcode": "43WFL001",
      "category": "автобусы",
      "image": "products_images/u85eTyI8R9Dx8E18-24.jpg",
      "quantity": 4,
      "price": "6950.00",
      "scale": "1:43",
      "mark": "Leyland",
      "manufacturer": "Oxford",
      "production": "Китай",
      "material": "металл-пластик"
  },
  {
    "name": "Mercedes-Benz",
      "shortdesc": "Tourismo M белый",
      "description": "Модель выпущена ограниченным тиражом.",
      "vendorcode": "B66006307",
      "category": "автобусы",
      "image": "products_images/O58UG83mS3rZ9MeR-82.jpg",
      "quantity": 21,
      "price": "2850.00",
      "scale": "1:87",
      "mark": "Mercedes-Benz",
      "manufacturer": "AWM",
      "production": "Китай",
      "material": "пластик"
  },
  {
    "name": "Mercedes-Benz TRAVEGO M",
      "shortdesc": "Berlin Linien Bus 2011",
      "description": "Модель выпущена ограниченным тиражом.",
      "vendorcode": "14114",
      "category": "автобусы",
      "image": "products_images/u07uR5f51yFiGnPu-06.jpg",
      "quantity": 54,
      "price": "3300.00",
      "scale": "1:43",
      "mark": "Mercedes-Benz",
      "manufacturer": "Rietze",
      "production": "Китай",
      "material": "пластик"
  },
  {
    "name": "Mercedes-Benz O302 LHD",
      "shortdesc": "Чемпионат мира по футболу 1974",
      "description": "Модель выпущена ограниченным тиражом.",
      "vendorcode": "439035186",
      "category": "автобусы",
      "image": "products_images/i67aV5RSw4LoC1lk-10.jpg",
      "quantity": 62,
      "price": "3500.00",
      "scale": "1:43",
      "mark": "Mercedes-Benz",
      "manufacturer": "Minichamps",
      "production": "Китай",
      "material": "металл"
  },
  {
    "name": "Porsche 911",
      "shortdesc": "Cabriolet 1998 бордовый мет",
      "description": "Модель выпущена ограниченным тиражом.",
      "vendorcode": "400061092",
      "category": "легковые",
      "image": "products_images/O72E4KA6N273GGy8-74.jpg",
      "quantity": 83,
      "price": "3500.00",
      "scale": "1:43",
      "mark": "Porsche",
      "manufacturer": "Minichamps",
      "production": "Китай",
      "material": "металл"
  },
  {
    "name": "Volkswagen",
      "shortdesc": "Beetle 1980 машина Да Фино",
      "description": "Модель выпущена ограниченным тиражом.",
      "vendorcode": "86496",
      "category": "легковые",
      "image": "products_images/Y53u6oMPlca83qTS-30.jpg",
      "quantity": 72,
      "price": "1350.00",
      "scale": "1:43",
      "mark": "Volkswagen",
      "manufacturer": "GreenLight",
      "production": "Китай",
      "material": "металл"
  },
  {
    "name": "BMW M2",
      "shortdesc": "Competition F22 2019 черный металлик",
      "description": "Модель выпущена ограниченным тиражом.",
      "vendorcode": "155028001",
      "category": "легковые",
      "image": "products_images/i01Y9qDNKcYAJ2o7-56.jpg",
      "quantity": 2,
      "price": "7950.00",
      "scale": "1:18",
      "mark": "BMW",
      "manufacturer": "Minichamps",
      "production": "Китай",
      "material": "металл"
  },
  {
    "name": "Jaguar F-Pace",
      "shortdesc": "кроссовер 2016 красный",
      "description": "Модель выпущена ограниченным тиражом.",
      "vendorcode": "76JFP003",
      "category": "легковые",
      "image": "products_images/a49Ox55oFr7Gjf21-15.jpg",
      "quantity": 26,
      "price": "500.00",
      "scale": "1:76",
      "mark": "Jaguar",
      "manufacturer": "Oxford",
      "production": "Китай",
      "material": "металл"
  },
  {
    "name": "Bentley",
      "shortdesc": "ONTINENTAL GTC - 2006 - SILVER",
      "description": "Модель выпущена ограниченным тиражом.",
      "vendorcode": "100139031",
      "category": "легковые",
      "image": "products_images/I48aQnJDVFyXvyGg-84.jpg",
      "quantity": 6,
      "price": "11000.00",
      "scale": "1:18",
      "mark": "Bentley",
      "manufacturer": "Minichamps",
      "production": "Китай",
      "material": "металл"
  },
  {
    "name": "Audi Sport",
      "shortdesc": "Quattro 1985 черный",
      "description": "Модель выпущена ограниченным тиражом.",
      "vendorcode": "188315",
      "category": "легковые",
      "image": "products_images/u69o8cCIkIZQ33vk-43.jpg",
      "quantity": 36,
      "price": "4700.00",
      "scale": "1:18",
      "mark": "Audi",
      "manufacturer": "Norev",
      "production": "Китай",
      "material": "металл"
  },
  {
    "name": "Bugatti",
      "shortdesc": "Chiron 2016 темно-синий с синим",
      "description": "Модель выпущена ограниченным тиражом.",
      "vendorcode": "11040BLBL",
      "category": "легковые",
      "image": "products_images/Y03yEHdSbx8009I7-43.jpg",
      "quantity": 35,
      "price": "3950.00",
      "scale": "1:18",
      "mark": "Bugatti",
      "manufacturer": "BBurago",
      "production": "Китай",
      "material": "металл-пластик"
  },
  {
    "name": "Mercedes-Benz",
      "shortdesc": "GLS-class (X167) 2019 серый металлик",
      "description": "Модель выпущена ограниченным тиражом.",
      "vendorcode": "11040BLBL",
      "category": "легковые",
      "image": "products_images/o73ufXnlw6B2qKWc-38.jpg",
      "quantity": 5,
      "price": "9950.00",
      "scale": "1:18",
      "mark": "Mercedes-Benz",
      "manufacturer": "Paragon",
      "production": "Китай",
      "material": "металл"
  },
  {
    "name": "Mercedes-Benz",
      "shortdesc": "GLA 45 Yellow Night Edition (X156) 2018 черный с желтым",
      "description": "Модель выпущена ограниченным тиражом.",
      "vendorcode": "B66960469",
      "category": "легковые",
      "image": "products_images/Y87ih0ntbrejRc6U-85.jpg",
      "quantity": 45,
      "price": "10950.00",
      "scale": "1:18",
      "mark": "Mercedes-Benz",
      "manufacturer": "GT Spirit",
      "production": "Китай",
      "material": "смола"
  },
  {
    "name": "Mercedes-Benz",
      "shortdesc": "GT C190(R190) modified by Prior Design",
      "description": "Модель выпущена ограниченным тиражом.",
      "vendorcode": "GT723",
      "category": "легковые",
      "image": "products_images/o05O1QkM119hcg37-65.jpg",
      "quantity": 45,
      "price": "10950.00",
      "scale": "1:18",
      "mark": "Mercedes-Benz",
      "manufacturer": "GT Spirit",
      "production": "Китай",
      "material": "смола"
  },
  {
    "name": "Scania S730 V8",
      "shortdesc": " Serie Limitee 50 седельный тягач 2019 синий",
      "description": "Модель выпущена ограниченным тиражом.",
      "vendorcode": "116619",
      "category": "грузовые",
      "image": "products_images/O08Oq8EcD6rtERkB-31.jpg",
      "quantity": 34,
      "price": "4950.00",
      "scale": "1:43",
      "mark": "Scania",
      "manufacturer": "Eligor",
      "production": "Китай",
      "material": "металл-пластик"
  },
  {
    "name": "Ford",
      "shortdesc": "LTL-9000 1978 красный",
      "description": "Модель выпущена ограниченным тиражом.",
      "vendorcode": "TR052",
      "category": "грузовые",
      "image": "products_images/Y81o6zaUID9YZYgD-13.jpg",
      "quantity": 34,
      "price": "10950.00",
      "scale": "1:43",
      "mark": "Ford",
      "manufacturer": "IXO",
      "production": "Китай",
      "material": "металл-пластик"
  },
  {
    "name": "Mack",
      "shortdesc": "Granite бетономешалка 2019",
      "description": "Модель выпущена ограниченным тиражом.",
      "vendorcode": "TR052",
      "category": "грузовые",
      "image": "products_images/Y53y7LazP9yzUR9f-74.jpg",
      "quantity": 81,
      "price": "1100.00",
      "scale": "1:64",
      "mark": "Mack",
      "manufacturer": "GreenLight",
      "production": "Китай",
      "material": "металл"
  },
  {
    "name": "Mack",
      "shortdesc": "LR Refuse Truck мусоровоз",
      "description": "Модель выпущена ограниченным тиражом.",
      "vendorcode": "45080C",
      "category": "грузовые",
      "image": "products_images/E68AR6lyI2RffAMI-28.jpg",
      "quantity": 81,
      "price": "1100.00",
      "scale": "1:64",
      "mark": "Mack",
      "manufacturer": "GreenLight",
      "production": "Китай",
      "material": "металл"
  },
  {
    "name": "Mercedes-Benz",
      "shortdesc": "Antos 4x2 SZM 2015 седельный тягач",
      "description": "Модель выпущена ограниченным тиражом.",
      "vendorcode": "NZG879/20",
      "category": "грузовые",
      "image": "products_images/O99yUWRAO4CgP7EC-84.jpg",
      "quantity": 81,
      "price": "4400.00",
      "scale": "1:64",
      "mark": "Mercedes-Benz",
      "manufacturer": "NZG",
      "production": "Германия",
      "material": "металл"
  },
  {
    "name": "ЗИЛ",
      "shortdesc": "КО-520 (4333) голубой с оранжевым",
      "description": "Модель выпущена ограниченным тиражом.",
      "vendorcode": "LG005",
      "category": "грузовые",
      "image": "products_images/u80Uvon0RTu4AyIj-37.jpg",
      "quantity": 21,
      "price": "999.00",
      "scale": "1:43",
      "mark": "ЗИЛ",
      "manufacturer": "NZG",
      "production": "Россия",
      "material": "металл"
  },
  {
    "name": "ЗИЛ",
      "shortdesc": "ММЗ-555 Самосвал",
      "description": "Модель выпущена ограниченным тиражом.",
      "vendorcode": "TR1003",
      "category": "грузовые",
      "image": "products_images/O49uPKCG2X6g0HDE-53.jpg",
      "quantity": 21,
      "price": "999.00",
      "scale": "1:43",
      "mark": "ЗИЛ",
      "manufacturer": "NZG",
      "production": "Россия",
      "material": "металл"
  },
  {
    "name": "ЗИЛ",
      "shortdesc": "ЗИЛ-131 НВ хаки",
      "description": "Модель выпущена ограниченным тиражом.",
      "vendorcode": "LG008",
      "category": "грузовые",
      "image": "products_images/i34Ir88W771551bE-46.jpg",
      "quantity": 21,
      "price": "999.00",
      "scale": "1:43",
      "mark": "ЗИЛ",
      "manufacturer": "NZG",
      "production": "Россия",
      "material": "металл-пластик"
  },
  {
    "name": "BUGATTI T35",
      "shortdesc": "PORTUGAL 1920 LIMITED EDITION",
      "description": "Шедевр модельного искусства: CMC Bugatti T35 #25 Portugal",
      "vendorcode": "LG008",
      "category": "спорткары",
      "image": "products_images/M-100-009.jpg",
      "quantity": 74,
      "price": "34300.00",
      "scale": "1:18",
      "mark": "Bugatti",
      "manufacturer": "NZG",
      "production": "Франция",
      "material": "металл"
  },
  {
    "name": "MERCEDES W203 C-CLASS",
      "shortdesc": " DTM 2005 TEAM AMG-MERCEDES",
      "description": "Модель изготовлена из высококачественных материалов и имеет высокий уровень качества проработки деталей.",
      "vendorcode": "LG008",
      "category": "спорткары",
      "image": "products_images/B66962229.jpg",
      "quantity": 74,
      "price": "2600.00",
      "scale": "1:43",
      "mark": "Mercedes-Benz",
      "manufacturer": "NZG",
      "production": "Германия",
      "material": "металл"
  },
  {
    "name": "MERCEDES-AMG",
      "shortdesc": "PETRONAS TEAM F1 W09 #44 LEWIS HAMILTON F1 2018",
      "description": "Модель изготовлена из высококачественных материалов и имеет высокий уровень качества проработки деталей.",
      "vendorcode": "LG008",
      "category": "спорткары",
      "image": "products_images/B66960559.jpg",
      "quantity": 74,
      "price": "8000.00",
      "scale": "1:43",
      "mark": "Mercedes-Benz",
      "manufacturer": "NZG",
      "production": "Германия",
      "material": "металл"
  },
  {
    "name": "MCLAREN",
      "shortdesc": "MERCEDES MP4/14 MIKA HAKKINEN WORLD",
      "description": "Модель изготовлена из высококачественных материалов и имеет высокий уровень качества проработки деталей.",
      "vendorcode": "LG008",
      "category": "спорткары",
      "image": "products_images/186990001.jpg",
      "quantity": 74,
      "price": "10200.00",
      "scale": "1:18",
      "mark": "Mercedes-Benz",
      "manufacturer": "NZG",
      "production": "Германия",
      "material": "металл"
  },
  {
    "name": "PORSCHE 935 #8",
      "shortdesc": "JOEST/WOLLEK/KREBS 24H DAYTONA 1977",
      "description": "Модель изготовлена из высококачественных материалов и имеет высокий уровень качества проработки деталей.",
      "vendorcode": "LG008",
      "category": "спорткары",
      "image": "products_images/187438.jpg",
      "quantity": 4,
      "price": "5000.00",
      "scale": "1:18",
      "mark": "Porsche",
      "manufacturer": "NZG",
      "production": "Германия",
      "material": "металл"
  },
  {
    "name": "WILLIAMS",
      "shortdesc": "FW06 A.JONES 1978 #27",
      "description": "Модель изготовлена из высококачественных материалов и имеет высокий уровень качества проработки деталей.",
      "vendorcode": "LG008",
      "category": "спорткары",
      "image": "products_images/400780027.jpg",
      "quantity": 4,
      "price": "4200.00",
      "scale": "1:43",
      "mark": "WILLIAMS",
      "manufacturer": "NZG",
      "production": "Великобритания",
      "material": "металл"
  },
  {
    "name": "FERRARI 246",
      "shortdesc": "FW06 A.JONES 1978 #27",
      "description": "Модель изготовлена из высококачественных материалов и имеет высокий уровень качества проработки деталей.",
      "vendorcode": "LG008",
      "category": "спорткары",
      "image": "products_images/AMLG009.jpg",
      "quantity": 4,
      "price": "1328600.00",
      "scale": "1:43",
      "mark": "FERRARI",
      "manufacturer": "NZG",
      "production": "Италия",
      "material": "металл"
  },
  {
    "name": "BUGATTI 57SC",
      "shortdesc": "ATLANTIC 1938 LIGTH BLUE",
      "description": "Модель изготовлена из высококачественных материалов и имеет высокий уровень качества проработки деталей.",
      "vendorcode": "LG008",
      "category": "спорткары",
      "image": "products_images/AMLG005.jpg",
      "quantity": 4,
      "price": "1328600.00",
      "scale": "1:18",
      "mark": "Bugatti",
      "manufacturer": "NZG",
      "production": "Франция",
      "material": "металл"
  },
  {
    "name": "ASPHALT PAYER",
      "shortdesc": "D-150B (USSR RUSSIAN)",
      "description": "АСФАЛЬТОУКЛАДЧИК Д-150Б.Модель изготовлена из высококачественных материалов и имеет высокий уровень качества проработки деталей.",
      "vendorcode": "LG021",
      "category": "спецтехника",
      "image": "products_images/0093MP.jpg",
      "quantity": 4,
      "price": "5700.00",
      "scale": "1:43",
      "mark": "ASPHALT PAYER",
      "manufacturer": "NZG",
      "production": "Россия",
      "material": "металл"
  },
  {
    "name": "ЗИЛ",
      "shortdesc": "ЗИЛ 49061 МЧС СИНЯЯ ПТИЦА",
      "description": "Модель изготовлена из высококачественных материалов и имеет высокий уровень качества проработки деталей.",
      "vendorcode": "LG021",
      "category": "спецтехника",
      "image": "products_images/249062.jpg",
      "quantity": 4,
      "price": "5700.00",
      "scale": "1:43",
      "mark": "ЗИЛ",
      "manufacturer": "NZG",
      "production": "Россия",
      "material": "металл"
  },
  {
    "name": "УРАЛ 43204-41",
      "shortdesc": "МИАССКИЙ ГРУЗОВИК ЛЕСОВОЗ С ПРИЦЕПОМ-РОСПУСКОМ",
      "description": "Модель изготовлена из высококачественных материалов и имеет высокий уровень качества проработки деталей.",
      "vendorcode": "LG021",
      "category": "спецтехника",
      "image": "products_images/SSM1226.jpg",
      "quantity": 4,
      "price": "5000.00",
      "scale": "1:43",
      "mark": "УРАЛ",
      "manufacturer": "NZG",
      "production": "Россия",
      "material": "металл"
  },
  {
    "name": "MACK",
      "shortdesc": "GRANITE 2019 YELLOW",
      "description": "Модель изготовлена из высококачественных материалов и имеет высокий уровень качества проработки деталей.",
      "vendorcode": "LG021",
      "category": "спецтехника",
      "image": "products_images/45070B.jpg",
      "quantity": 4,
      "price": "1200.00",
      "scale": "1:43",
      "mark": "MACK",
      "manufacturer": "NZG",
      "production": "США",
      "material": "металл"
  }
  
]