[
  {
    "name": "1:18",
    "description" : "Масштаб модели 1:18"
  },
  {
    "name": "1:24",
    "description" : "Масштаб модели 1:24"
  },
  {
    "name": "1:43",
    "description" : "Масштаб модели 1:43"
  },
  {
    "name": "1:87",
    "description" : "Масштаб модели 1:87(5cm)"
  },
  {
    "name": "1:76",
    "description" : "Масштаб модели 1:76(cm)"
  },
  {
    "name": "1:64",
    "description" : "Масштаб модели 1:64(cm)"
  }
]